<?xml version="1.0" encoding="utf-8"?>
<book xmlns:xsi="http://www.w3.org/2001/XMLSchema-instance"
	 xsi:noNamespaceSchemaLocation="book.xsd">
<bdetails id="1">
<bname>facebook</bname>
<bcat>hum</bcat>
<bprice>300</bprice>
<bpub>
  <bauthor>mark</bauthor>
  <bdate>2007-08-09</bdate>
  </bpub>  
</bdetails>

<bdetails id="2">
<bid>2</bid>
<bname>harry</bname>
<bcat>geo</bcat>
<bprice>400</bprice>
<bpub>
  <bauthor>rowling</bauthor>
  <bdate>2008-04-19</bdate>
  </bpub>  
</bdetails>
</book>