<?xml version="1.0" encoding="utf-8"?>
<electricity xmlns:xsi="http://www.w3.org/2001/XMLSchema-instance"
  xsi:noNamespaceSchemaLocation="elec.xsd">
<edetails id="1001">
<cname>Seema Joshi</cname>
<cemail>seema@gmail.com</cemail>
<units>250</units>
</edetails>

<edetails id="1002">
<cname>Amey Joshi</cname>
<cemail>amey@gmail.com</cemail>
<units>345</units>
</edetails>


<edetails id="1005">
<cname>srikanth</cname>
<cemail>srikanth@gmail.com</cemail>
<units>90</units>
</edetails>

</electricity>
