<?xml version="1.0" encoding="utf-8"?>
<customer xmlns:xsi="http://www.w3.org/2001/XMLSchema-instance"
  xsi:noNamespaceSchemaLocation="sample.xsd">
<cdetails id="200">
<cname>yeshwanth</cname>
<cemail>macha@gmail.com</cemail>
<cmobile>9989142699</cmobile>

<tech>JAVA</tech>
<bill>200</bill>
<dob>1997-10-18</dob>
</cdetails>

<cdetails id="">
<cname>&gt;vinay</cname>
<cemail>vinay@gmail.com</cemail>
<cmobile>9989456499</cmobile>
<tech>PHP</tech>
<bill>200</bill>
<dob>1997-11-19</dob>
</cdetails>
</customer>
