<?xml version="1.0" encoding="UTF-8"?>
<hibernate-configuration>
<session-factory>

<property name="hibernate.connection.driver_class">oracle.jdbc.driver.OracleDriver</property>
<property name="hibernate.connection.password">hibernate</property>
<property name="hibernate.connection.url">hibernate</property>
<property name="dialect">org.hibernate.dialect.OracleDialect</property>

<property name="hbm2ddl.auto">update</property>
<mapping resource="Student.hbm.xml"/>
</session-factory>
</hibernate-configuration>